Pais,Anio,Emisiones_de_CO2
Cuba,1988,34.53880162
Cuba,1989,35.52797627
Cuba,1990,35.625388774
Cuba,1991,35.562073543
Cuba,1992,32.389277113
Cuba,1993,29.25668561
Cuba,1994,28.168230551
Cuba,1995,29.196105042
Cuba,1996,31.207549721
Cuba,1997,30.194188938
Cuba,1998,33.588388758
Cuba,1999,32.910194714
Cuba,2000,33.108387109
Cuba,2001,32.295198036
Cuba,2002,32.68766906
Cuba,2003,33.799902475
Cuba,2004,32.825485415
Cuba,2005,32.827538445
Cuba,2006,28.86738089
Cuba,2007,24.827564418
Cuba,2008,19.084673907
Cuba,2009,29.219507182
Cuba,2010,29.22173837
Cuba,2011,28.057056726
Cuba,2012,25.041649313
Cuba,2013,28.369444739
Cuba,2014,27.117107824
Cuba,2015,27.815524427
Cuba,2016,30.158298974
Cuba,2017,23.149599654
Cuba,2018,20.961049262
Cuba,2019,22.496372604
Cuba,1981,29.94460527
Cuba,1982,30.503858076
Cuba,1983,33.553452188
Cuba,1984,30.434603795
Cuba,1985,31.473309626
Cuba,1986,31.550104468
Cuba,1987,34.525142414
Cuba,1980,-1.0
Chile,1981,21.608615918
Chile,1982,20.777298692
Chile,1983,16.687740254
Chile,1984,17.954715371
Chile,1985,20.323000596
Chile,1986,19.4178375
Chile,1987,19.403419549
Chile,1988,19.939354349
Chile,1989,23.530224019
Chile,1990,28.623170396
Chile,1991,30.368899694
Chile,1992,28.879754552
Chile,1993,30.03139498
Chile,1994,32.739001079
Chile,1995,35.879767705
Chile,1996,39.092920312
Chile,1997,43.880968586
Chile,1998,50.638338583
Chile,1999,51.488744946
Chile,2000,55.77806557
Chile,2001,52.299004537
Chile,2002,51.555660643
Chile,2003,53.722797528
Chile,2004,55.994072484
Chile,2005,61.16096146
Chile,2006,63.504145094
Chile,2007,64.697668961
Chile,2008,70.007309667
Chile,2009,72.079364098
Chile,2010,68.293804461
Chile,2011,71.868038089
Chile,2012,76.495521228
Chile,2013,77.6102117
Chile,2014,81.676454475
Chile,2015,76.416465602
Chile,2016,80.338871458
Chile,2017,85.140815867
Chile,2018,86.722943017
Chile,2019,86.874650457
Chile,1980,-1.0
Belice,2002,0.9
Belice,2003,0.8
Belice,2004,0.8
Belice,2005,0.9
Belice,2008,1.073313812
Belice,2012,0.423049876
Belice,2013,0.476432412
Belice,2014,0.516362349
Belice,2015,0.505700203
Belice,2016,0.597846
Belice,2017,0.591488
Belice,2018,0.676589459
Belice,2019,0.577712955
Belice,1981,0.2255
Belice,2010,0.5
Belice,2011,0.5
Belice,2006,1.0
Belice,2007,1.0
Belice,2009,1.0
Belice,1980,-1.0
Belice,1991,0.3
Belice,1992,0.3
Belice,1993,0.3
Belice,1994,0.3
Belice,1995,0.3
Belice,1996,0.3
Belice,1997,0.3
Belice,1987,0.3
Belice,2001,0.7
Belice,1988,0.2
Belice,1989,0.2
Belice,1990,0.2
Belice,1982,0.2
Belice,1983,0.2
Belice,1984,0.2
Belice,1985,0.2
Belice,1986,0.2
Belice,1998,0.4
Belice,1999,0.4
Belice,2000,0.4
Brasil,1981,187.731100826
Brasil,1982,178.096623767
Brasil,1983,174.065355486
Brasil,1984,166.134085081
Brasil,1985,181.00356415
Brasil,1986,194.906575648
Brasil,1987,215.790895603
Brasil,1988,222.947276004
Brasil,1989,223.394276154
Brasil,1990,231.995595162
Brasil,1991,243.069804424
Brasil,1992,251.544042026
Brasil,1993,243.906254218
Brasil,1994,265.128557628
Brasil,1995,279.392176316
Brasil,1996,299.819187827
Brasil,1997,316.633890261
Brasil,1998,333.150113347
Brasil,1999,329.492351347
Brasil,2000,341.813329688
Brasil,2001,326.632456149
Brasil,2002,331.635044954
Brasil,2003,328.257054614
Brasil,2004,322.710828384
Brasil,2005,337.988532755
Brasil,2006,342.001465182
Brasil,2007,349.282669137
Brasil,2008,362.983462641
Brasil,2009,383.629281149
Brasil,2010,355.535677219
Brasil,2011,409.648966863
Brasil,2012,431.174655173
Brasil,2013,462.028577038
Brasil,2014,491.320111606
Brasil,2015,509.822374377
Brasil,2016,500.437378452
Brasil,2017,466.802668561
Brasil,2018,475.528895334
Brasil,2019,453.443272227
Brasil,1980,-1.0
Guyana,1988,1.1
Guyana,1989,1.1
Guyana,1992,0.8
Guyana,1993,0.9
Guyana,1998,1.1
Guyana,1999,1.4
Guyana,2008,1.519155927
Guyana,2012,1.841371515
Guyana,2013,2.080137006
Guyana,2014,2.028611814
Guyana,2015,2.028761361
Guyana,2016,2.099613
Guyana,2017,2.361872
Guyana,2018,2.281382873
Guyana,2019,2.321942783
Guyana,1981,1.42148
Guyana,1983,1.3
Guyana,1985,1.3
Guyana,1986,1.4
Guyana,1987,1.4
Guyana,1996,1.0
Guyana,1997,1.0
Guyana,1980,-1.0
Guyana,2000,1.5
Guyana,2005,1.5
Guyana,2009,1.5
Guyana,1994,1.2
Guyana,1995,1.2
Guyana,1984,1.2
Guyana,2001,1.7
Guyana,2002,1.7
Guyana,2004,1.7
Guyana,2006,1.7
Guyana,1990,0.7
Guyana,1991,0.7
Guyana,2007,1.6
Guyana,2010,1.6
Guyana,2011,1.6
Guyana,1982,1.6
Guyana,2003,1.8
Bolivia,1988,3.442793333
Bolivia,1989,3.908076667
Bolivia,1990,4.579473333
Bolivia,1991,4.8917
Bolivia,1992,4.779473333
Bolivia,1993,5.197813333
Bolivia,1994,4.992891168
Bolivia,1995,5.755007116
Bolivia,1996,6.787921242
Bolivia,1997,6.455985558
Bolivia,1998,7.123834197
Bolivia,1999,6.703551915
Bolivia,2000,8.0622599
Bolivia,2001,8.767200111
Bolivia,2002,7.705578224
Bolivia,2003,8.897322846
Bolivia,2004,11.186008921
Bolivia,2005,11.39020046
Bolivia,2006,11.231409602
Bolivia,2007,12.499241282
Bolivia,2008,11.087513081
Bolivia,2009,13.721463632
Bolivia,2010,12.741271491
Bolivia,2011,13.325875656
Bolivia,2012,13.247764437
Bolivia,2013,15.484720188
Bolivia,2014,15.806032418
Bolivia,2015,16.1814403
Bolivia,2016,15.937316567
Bolivia,2017,17.25413277
Bolivia,2018,18.092137786
Bolivia,2019,18.335565837
Bolivia,1981,4.13884618
Bolivia,1982,4.63953927
Bolivia,1983,4.03668
Bolivia,1984,4.09585
Bolivia,1985,4.042793333
Bolivia,1986,3.583623333
Bolivia,1987,3.642793333
Bolivia,1980,-1.0
Canadá,1981,422.549444322
Canadá,1982,398.856597679
Canadá,1983,386.261549661
Canadá,1984,375.03566673
Canadá,1985,409.948811646
Canadá,1986,410.46073643
Canadá,1987,404.424378371
Canadá,1988,422.689216772
Canadá,1989,455.940316746
Canadá,1990,467.660751011
Canadá,1991,432.769371574
Canadá,1992,425.954809792
Canadá,1993,448.628647902
Canadá,1994,447.593296858
Canadá,1995,460.939704003
Canadá,1996,468.107544816
Canadá,1997,479.172343541
Canadá,1998,492.264723421
Canadá,1999,488.875614161
Canadá,2000,508.913614317
Canadá,2001,511.886988989
Canadá,2002,524.378312115
Canadá,2003,536.97267353
Canadá,2004,565.040972151
Canadá,2005,571.37491098
Canadá,2006,573.270938449
Canadá,2007,575.64254776
Canadá,2008,574.754088323
Canadá,2009,556.831459616
Canadá,2010,541.451146808
Canadá,2011,570.776514402
Canadá,2012,575.290339771
Canadá,2013,578.023760247
Canadá,2014,587.992244772
Canadá,2015,589.561745673
Canadá,2016,591.027612427
Canadá,2017,579.44204222
Canadá,2018,601.402386621
Canadá,2019,613.089866972
Canadá,1980,-1.0
Ecuador,1988,13.131049967
Ecuador,1989,13.193126267
Ecuador,1990,12.193126267
Ecuador,1991,14.275894667
Ecuador,1992,14.222520456
Ecuador,1993,17.243580504
Ecuador,1994,15.243477043
Ecuador,1995,17.243477043
Ecuador,1996,17.292448347
Ecuador,1997,18.292296605
Ecuador,1998,18.243580504
Ecuador,1999,19.243580504
Ecuador,2000,18.246097522
Ecuador,2001,18.34393227
Ecuador,2002,19.39305512
Ecuador,2003,20.246516023
Ecuador,2004,20.369773209
Ecuador,2005,21.419323516
Ecuador,2006,22.641973635
Ecuador,2007,24.709095402
Ecuador,2008,24.076909232
Ecuador,2009,25.558637787
Ecuador,2010,28.639110565
Ecuador,2011,36.210170709
Ecuador,2012,35.736519347
Ecuador,2013,37.056250198
Ecuador,2014,38.459557542
Ecuador,2015,42.108566617
Ecuador,2016,38.799506427
Ecuador,2017,36.846046091
Ecuador,2018,34.741365749
Ecuador,2019,37.349371309
Ecuador,1981,12.016231
Ecuador,1982,12.137947333
Ecuador,1983,14.137947333
Ecuador,1984,12.206921
Ecuador,1985,12.275894667
Ecuador,1986,12.275894667
Ecuador,1987,13.206921
Ecuador,1980,-1.0
Jamaica,1988,5.2
Jamaica,1989,6.1
Jamaica,1990,7.041440326
Jamaica,1991,7.531337445
Jamaica,1992,7.828811725
Jamaica,1993,8.566697527
Jamaica,1994,8.638914606
Jamaica,1995,8.833863165
Jamaica,1996,9.938914606
Jamaica,1997,10.061646087
Jamaica,1998,10.169223247
Jamaica,1999,11.179326127
Jamaica,2000,11.181851847
Jamaica,2001,11.157857506
Jamaica,2002,11.133863165
Jamaica,2003,11.222263369
Jamaica,2004,11.214686209
Jamaica,2005,11.166697527
Jamaica,2006,11.149017486
Jamaica,2007,13.080823043
Jamaica,2008,13.290925924
Jamaica,2009,12.121234565
Jamaica,2010,9.328811725
Jamaica,2011,8.116183125
Jamaica,2012,8.534185784
Jamaica,2013,7.989962436
Jamaica,2014,8.810052361
Jamaica,2015,8.637067431
Jamaica,2016,8.539995644
Jamaica,2017,8.912641454
Jamaica,2018,7.747071984
Jamaica,2019,8.071670366
Jamaica,1981,7.7863
Jamaica,1982,6.7
Jamaica,1983,5.7
Jamaica,1984,6.0
Jamaica,1985,5.0
Jamaica,1986,4.5
Jamaica,1987,4.9
Jamaica,1980,-1.0
México,1981,197.684967359
México,1982,207.174404903
México,1983,208.190283877
México,1984,207.242513322
México,1985,244.437538586
México,1986,256.242580686
México,1987,255.969450487
México,1988,265.179124216
México,1989,264.933915824
México,1990,280.350300145
México,1991,273.932352164
México,1992,292.840432254
México,1993,295.450093473
México,1994,310.448105314
México,1995,338.480217282
México,1996,320.840693538
México,1997,330.382519844
México,1998,345.493782813
México,1999,371.58924943
México,2000,364.302191981
México,2001,382.617491068
México,2002,384.93383811
México,2003,389.419359794
México,2004,406.170841121
México,2005,412.972647725
México,2006,428.883340555
México,2007,444.975470938
México,2008,454.440333464
México,2009,451.098996546
México,2010,451.366099216
México,2011,448.709210635
México,2012,464.009976022
México,2013,465.375717837
México,2014,469.139643463
México,2015,452.339353307
México,2016,465.320401255
México,2017,474.74942103
México,2018,472.354715405
México,2019,456.148338455
México,1980,-1.0
Panamá,1988,12.0
Panamá,1989,11.038431678
Panamá,1990,11.036030926
Panamá,1991,12.076866346
Panamá,1992,12.108093206
Panamá,1993,12.100885397
Panamá,1994,12.127312035
Panamá,1995,13.129712787
Panamá,1996,14.086475333
Panamá,1997,12.041512074
Panamá,1998,13.049301762
Panamá,1999,14.069663458
Panamá,2000,13.090816349
Panamá,2001,13.111954771
Panamá,2002,13.058398007
Panamá,2003,13.02182957
Panamá,2004,13.03557884
Panamá,2005,14.02633974
Panamá,2006,14.017100639
Panamá,2007,14.012208956
Panamá,2008,14.008943835
Panamá,2009,15.089743119
Panamá,2010,16.117426654
Panamá,2011,19.13350749
Panamá,2012,20.641222589
Panamá,2013,22.254963207
Panamá,2014,21.896275494
Panamá,2015,22.365397062
Panamá,2016,23.052440017
Panamá,2017,24.554451595
Panamá,2018,26.670110313
Panamá,2019,26.79318633
Panamá,1981,5.39004
Panamá,1982,5.2
Panamá,1983,4.7
Panamá,1984,5.0
Panamá,1985,4.9
Panamá,1986,3.5
Panamá,1987,11.0
Panamá,1980,-1.0
Surinam,1989,1.1
Surinam,1993,1.4
Surinam,2008,2.030626983
Surinam,2010,2.1
Surinam,2011,2.7
Surinam,2012,2.056473316
Surinam,2013,2.458005569
Surinam,2014,2.26434235
Surinam,2015,2.359134371
Surinam,2016,2.220087
Surinam,2017,2.049781
Surinam,2018,2.308820001
Surinam,2019,2.314032735
Surinam,1981,2.08924
Surinam,1987,1.3
Surinam,2006,2.0
Surinam,2007,2.0
Surinam,2009,2.0
Surinam,1985,1.0
Surinam,1980,-1.0
Surinam,1991,1.5
Surinam,1992,1.5
Surinam,1994,1.5
Surinam,1995,1.5
Surinam,1996,1.5
Surinam,1997,1.5
Surinam,1998,1.5
Surinam,1999,1.5
Surinam,2000,1.5
Surinam,1988,1.2
Surinam,1990,1.2
Surinam,1984,1.2
Surinam,1986,1.2
Surinam,2002,1.7
Surinam,2005,1.9
Surinam,2001,1.6
Surinam,1983,1.6
Surinam,2003,1.8
Surinam,2004,1.8
Surinam,1982,1.8
Uruguay,1988,4.0
Uruguay,1989,4.7
Uruguay,1990,4.9
Uruguay,1991,4.5
Uruguay,1992,4.2
Uruguay,1993,4.5
Uruguay,1994,4.9
Uruguay,1995,4.6
Uruguay,1996,4.7
Uruguay,1997,4.9
Uruguay,1998,5.2
Uruguay,1999,6.4
Uruguay,2000,7.239235198
Uruguay,2001,6.478470396
Uruguay,2002,4.980301899
Uruguay,2003,5.342463531
Uruguay,2004,5.521395551
Uruguay,2005,6.039373807
Uruguay,2006,6.281632794
Uruguay,2007,7.340428368
Uruguay,2008,6.508653095
Uruguay,2009,8.040470671
Uruguay,2010,9.082078429
Uruguay,2011,8.158376624
Uruguay,2012,9.162558411
Uruguay,2013,9.813243621
Uruguay,2014,8.494611416
Uruguay,2015,7.500800101
Uruguay,2016,8.072587193
Uruguay,2017,7.914768354
Uruguay,2018,6.936088697
Uruguay,2019,7.311541742
Uruguay,1981,5.757630463
Uruguay,1982,5.204365232
Uruguay,1983,4.902182616
Uruguay,1984,3.9
Uruguay,1985,3.7
Uruguay,1986,3.4
Uruguay,1987,3.4
Uruguay,1980,-1.0
Barbados,1988,1.222220132
Barbados,1989,1.149995297
Barbados,1990,1.25555033
Barbados,1991,1.266699837
Barbados,1992,1.364738077
Barbados,1993,1.394164475
Barbados,1994,1.392202715
Barbados,1995,1.290240956
Barbados,1996,1.392202715
Barbados,1997,1.088279196
Barbados,1998,1.484355676
Barbados,1999,1.472585116
Barbados,2000,1.592202715
Barbados,2001,1.674374634
Barbados,2002,1.662776317
Barbados,2003,1.656891037
Barbados,2004,1.656891037
Barbados,2005,1.158852797
Barbados,2006,1.551695148
Barbados,2007,1.45270089
Barbados,2008,1.409851156
Barbados,2009,1.43339064
Barbados,2010,1.532032888
Barbados,2011,1.431680878
Barbados,2012,1.926933182
Barbados,2013,1.810688761
Barbados,2014,1.852327062
Barbados,2015,1.609840058
Barbados,2016,1.711547679
Barbados,2017,1.73882031
Barbados,2018,1.593928257
Barbados,2019,1.702104465
Barbados,1981,0.970850132
Barbados,1982,1.022220132
Barbados,1983,1.022220132
Barbados,1984,1.122220132
Barbados,1985,1.022220132
Barbados,1986,1.122220132
Barbados,1987,1.322220132
Barbados,1980,-1.0
Colombia,1988,41.741466211
Colombia,1989,43.302720807
Colombia,1990,45.545017981
Colombia,1991,45.64321413
Colombia,1992,45.627835323
Colombia,1993,49.94907226
Colombia,1994,51.46905755
Colombia,1995,51.650999973
Colombia,1996,49.859156542
Colombia,1997,50.028284209
Colombia,1998,54.919082526
Colombia,1999,54.493185478
Colombia,2000,49.087333481
Colombia,2001,49.326557993
Colombia,2002,49.305265071
Colombia,2003,48.644347855
Colombia,2004,47.68506091
Colombia,2005,47.774658007
Colombia,2006,47.331514297
Colombia,2007,49.335075092
Colombia,2008,48.877657404
Colombia,2009,46.742661536
Colombia,2010,51.367881395
Colombia,2011,50.91967204
Colombia,2012,58.775110568
Colombia,2013,63.822093945
Colombia,2014,68.159642685
Colombia,2015,75.735832204
Colombia,2016,75.285248861
Colombia,2017,78.012255536
Colombia,2018,70.05042621
Colombia,2019,75.94596771
Colombia,1981,35.776157788
Colombia,1982,36.664233466
Colombia,1983,36.996154552
Colombia,1984,37.508295222
Colombia,1985,40.673898405
Colombia,1986,41.335262269
Colombia,1987,41.786472429
Colombia,1980,-1.0
Dominica,1988,0.04337
Dominica,1989,0.05548
Dominica,1990,0.05862
Dominica,1991,0.05852
Dominica,1992,0.05845
Dominica,1993,0.05909
Dominica,1994,0.06224
Dominica,1995,0.07183
Dominica,1996,0.08101
Dominica,1997,0.08119
Dominica,1998,0.08116
Dominica,1999,0.0843
Dominica,2000,0.0843
Dominica,2001,0.07958
Dominica,2006,0.0924
Dominica,2008,0.121246436
Dominica,2012,0.170095617
Dominica,2013,0.169940463
Dominica,2014,0.161291994
Dominica,2015,0.171749852
Dominica,2016,0.18743
Dominica,2017,0.18855
Dominica,2018,0.177435879
Dominica,2019,0.185983702
Dominica,1981,0.02679
Dominica,1982,0.03498
Dominica,1983,0.03502
Dominica,1984,0.03498
Dominica,1985,0.03501
Dominica,1986,0.03991
Dominica,1987,0.04022
Dominica,1980,-1.0
Dominica,2002,0.1
Dominica,2003,0.1
Dominica,2004,0.1
Dominica,2005,0.1
Dominica,2007,0.1
Dominica,2009,0.1
Dominica,2010,0.1
Dominica,2011,0.1
Honduras,1990,2.4
Honduras,1991,2.7
Honduras,1992,2.701748706
Honduras,1993,2.701471668
Honduras,1994,2.70235723
Honduras,1995,3.002171336
Honduras,1996,3.502101996
Honduras,1997,3.901707881
Honduras,1998,3.801451851
Honduras,1999,4.401702564
Honduras,2000,4.602306482
Honduras,2001,4.30069054
Honduras,2002,5.000130689
Honduras,2003,5.601700855
Honduras,2004,5.601127262
Honduras,2005,6.601806139
Honduras,2006,6.802419937
Honduras,2007,7.103156316
Honduras,2008,7.982011697
Honduras,2009,7.502093293
Honduras,2010,6.801607093
Honduras,2011,7.101902568
Honduras,2012,7.318436899
Honduras,2013,7.919687359
Honduras,2014,8.00179408
Honduras,2015,8.652434922
Honduras,2016,9.323582375
Honduras,2017,8.780763575
Honduras,2018,8.765265695
Honduras,2019,10.050869894
Honduras,1981,1.69779
Honduras,1989,2.0
Honduras,1980,-1.0
Honduras,1982,1.5
Honduras,1983,1.5
Honduras,1988,1.7
Honduras,1985,1.7
Honduras,1987,1.7
Honduras,1984,1.6
Honduras,1986,1.6
Paraguay,1990,2.3
Paraguay,1991,2.2
Paraguay,1993,2.3
Paraguay,1994,2.5
Paraguay,1995,2.9
Paraguay,1996,3.3
Paraguay,1997,2.7
Paraguay,1998,3.0
Paraguay,1999,3.4
Paraguay,2000,3.8
Paraguay,2002,3.5
Paraguay,2004,3.7
Paraguay,2005,3.8
Paraguay,2006,3.700419341
Paraguay,2007,3.700061157
Paraguay,2008,3.752651172
Paraguay,2009,3.800252837
Paraguay,2010,4.100003081
Paraguay,2011,4.500099378
Paraguay,2012,4.854154389
Paraguay,2013,5.175485748
Paraguay,2014,5.070818482
Paraguay,2015,5.328025571
Paraguay,2016,6.592852194
Paraguay,2017,7.657524903
Paraguay,2018,7.957430309
Paraguay,2019,8.338166715
Paraguay,1981,1.386
Paraguay,1982,1.3
Paraguay,1984,1.3
Paraguay,1985,1.4
Paraguay,1992,2.0
Paraguay,1980,-1.0
Paraguay,1986,1.5
Paraguay,1987,1.5
Paraguay,1983,1.2
Paraguay,1989,1.7
Paraguay,1988,1.9
Paraguay,2001,3.6
Paraguay,2003,3.6
Argentina,1981,93.02991395
Argentina,1982,90.736786366
Argentina,1983,93.950122066
Argentina,1984,94.251595681
Argentina,1985,98.3154848
Argentina,1986,92.07706013
Argentina,1987,104.423396088
Argentina,1988,105.510430365
Argentina,1989,108.456624636
Argentina,1990,107.366089785
Argentina,1991,99.378868848
Argentina,1992,104.194766287
Argentina,1993,105.550799495
Argentina,1994,115.861464739
Argentina,1995,112.113003975
Argentina,1996,115.12491699
Argentina,1997,123.061078645
Argentina,1998,125.789623885
Argentina,1999,133.648446173
Argentina,2000,139.373299261
Argentina,2001,137.719422129
Argentina,2002,127.29822538
Argentina,2003,119.221962694
Argentina,2004,133.003494925
Argentina,2005,140.36175665
Argentina,2006,151.993641709
Argentina,2007,156.319849034
Argentina,2008,157.872228733
Argentina,2009,169.176780166
Argentina,2010,168.427120196
Argentina,2011,186.427005161
Argentina,2012,190.293575528
Argentina,2013,195.564808595
Argentina,2014,196.689236739
Argentina,2015,197.325871069
Argentina,2016,214.14898796
Argentina,2017,214.123012963
Argentina,2018,195.140106755
Argentina,2019,191.358658271
Argentina,1980,-1.0
Guatemala,1988,3.2
Guatemala,1989,3.5
Guatemala,1991,3.8
Guatemala,1993,4.4
Guatemala,1994,4.8
Guatemala,1995,5.4
Guatemala,1996,6.1
Guatemala,1997,6.3
Guatemala,1998,7.0
Guatemala,1999,8.664932537
Guatemala,2000,9.053974281
Guatemala,2001,9.116769656
Guatemala,2002,10.130340207
Guatemala,2003,10.220418465
Guatemala,2004,10.264960244
Guatemala,2005,10.797982942
Guatemala,2006,10.962042899
Guatemala,2007,11.011491916
Guatemala,2008,11.473275403
Guatemala,2009,10.965911546
Guatemala,2010,11.71404284
Guatemala,2011,10.771896076
Guatemala,2012,11.04204759
Guatemala,2013,11.563156368
Guatemala,2014,12.382497279
Guatemala,2015,13.073134025
Guatemala,2016,15.783469705
Guatemala,2017,17.072559529
Guatemala,2018,18.643463431
Guatemala,2019,19.708437412
Guatemala,1981,4.09952
Guatemala,1983,3.5
Guatemala,1984,3.7
Guatemala,1985,3.2
Guatemala,1987,3.2
Guatemala,1980,-1.0
Guatemala,1990,3.6
Guatemala,1992,3.6
Guatemala,1982,3.6
Guatemala,1986,3.6
Nicaragua,1990,2.1
Nicaragua,1993,2.3
Nicaragua,1994,2.3
Nicaragua,1995,2.5
Nicaragua,1996,2.8
Nicaragua,1997,2.9
Nicaragua,1998,3.0
Nicaragua,1999,3.5
Nicaragua,2000,3.7
Nicaragua,2001,3.7
Nicaragua,2002,3.9
Nicaragua,2003,3.9
Nicaragua,2004,4.0
Nicaragua,2005,4.2
Nicaragua,2006,4.4
Nicaragua,2007,4.5
Nicaragua,2008,4.010307626
Nicaragua,2009,4.3
Nicaragua,2010,4.3
Nicaragua,2011,4.3
Nicaragua,2012,4.701077745
Nicaragua,2013,4.447179692
Nicaragua,2014,4.437450817
Nicaragua,2015,4.642415474
Nicaragua,2016,5.254183
Nicaragua,2017,5.249562
Nicaragua,2018,5.181649
Nicaragua,2019,5.027809
Nicaragua,1981,1.84261
Nicaragua,1987,2.1
Nicaragua,1988,2.1
Nicaragua,1989,2.1
Nicaragua,1991,2.0
Nicaragua,1986,2.0
Nicaragua,1980,-1.0
Nicaragua,1985,1.7
Nicaragua,1992,1.9
Nicaragua,1982,1.9
Nicaragua,1983,1.9
Nicaragua,1984,1.8
Venezuela,1981,89.497709324
Venezuela,1982,97.846679788
Venezuela,1983,98.298687989
Venezuela,1984,93.00388602
Venezuela,1985,92.164409377
Venezuela,1986,93.914972066
Venezuela,1987,99.502339433
Venezuela,1988,98.367994409
Venezuela,1989,96.210895976
Venezuela,1990,102.199478759
Venezuela,1991,102.537749285
Venezuela,1992,104.587294147
Venezuela,1993,104.659830791
Venezuela,1994,106.941333575
Venezuela,1995,112.921776897
Venezuela,1996,117.864721091
Venezuela,1997,120.308310129
Venezuela,1998,122.370133384
Venezuela,1999,129.527653923
Venezuela,2000,121.08094275
Venezuela,2001,125.170102899
Venezuela,2002,142.220115968
Venezuela,2003,137.770528363
Venezuela,2004,127.788778567
Venezuela,2005,135.034954629
Venezuela,2006,131.626708227
Venezuela,2007,143.496808587
Venezuela,2008,126.554786165
Venezuela,2009,139.662634834
Venezuela,2010,135.589171231
Venezuela,2011,142.156846662
Venezuela,2012,137.508847285
Venezuela,2013,156.134440582
Venezuela,2014,144.56582394
Venezuela,2015,148.247173844
Venezuela,2016,146.123679031
Venezuela,2017,143.667236706
Venezuela,2018,140.438683495
Venezuela,2019,131.48505504
Venezuela,1980,-1.0
Costa Rica,1988,2.25831189
Costa Rica,1989,2.675007334
Costa Rica,1990,2.809970872
Costa Rica,1991,2.6910752
Costa Rica,1992,2.837850293
Costa Rica,1993,3.577531496
Costa Rica,1994,3.935262231
Costa Rica,1995,3.99881247
Costa Rica,1996,4.592665809
Costa Rica,1997,4.341123246
Costa Rica,1998,4.46571689
Costa Rica,1999,5.040783086
Costa Rica,2000,5.509769834
Costa Rica,2001,5.39223863
Costa Rica,2002,5.410743689
Costa Rica,2003,5.527630933
Costa Rica,2004,5.782608692
Costa Rica,2005,5.508260661
Costa Rica,2006,6.271136458
Costa Rica,2007,6.657303239
Costa Rica,2008,7.224134156
Costa Rica,2009,7.146471665
Costa Rica,2010,6.744327837
Costa Rica,2011,6.963164541
Costa Rica,2012,7.081357023
Costa Rica,2013,7.032514542
Costa Rica,2014,7.316109902
Costa Rica,2015,7.457260329
Costa Rica,2016,7.143281669
Costa Rica,2017,7.722970236
Costa Rica,2018,7.896010313
Costa Rica,2019,7.923880021
Costa Rica,1981,2.340974967
Costa Rica,1982,2.334578861
Costa Rica,1983,2.188667682
Costa Rica,1984,2.334578861
Costa Rica,1985,2.048353096
Costa Rica,1986,2.188667682
Costa Rica,1987,1.969800914
Costa Rica,1980,-1.0
El Salvador,1988,2.2
El Salvador,1989,2.3
El Salvador,1990,2.2
El Salvador,1991,2.4
El Salvador,1992,2.8
El Salvador,1993,3.2
El Salvador,1994,3.200951219
El Salvador,1995,3.601660938
El Salvador,1996,4.601700101
El Salvador,1997,4.401816025
El Salvador,1998,4.701880016
El Salvador,1999,5.50208359
El Salvador,2000,5.502481469
El Salvador,2001,5.502747176
El Salvador,2002,5.701780641
El Salvador,2003,5.801585356
El Salvador,2004,6.102593671
El Salvador,2005,6.002325113
El Salvador,2006,6.203891502
El Salvador,2007,6.203199521
El Salvador,2008,6.203393617
El Salvador,2009,5.902812237
El Salvador,2010,5.902209599
El Salvador,2011,5.901772573
El Salvador,2012,6.402612648
El Salvador,2013,6.558956165
El Salvador,2014,6.269219854
El Salvador,2015,6.442372513
El Salvador,2016,6.887408021
El Salvador,2017,6.928914066
El Salvador,2018,6.312351521
El Salvador,2019,7.04650887
El Salvador,1981,1.98901
El Salvador,1987,2.2
El Salvador,1980,-1.0
El Salvador,1982,1.7
El Salvador,1986,1.9
El Salvador,1983,1.6
El Salvador,1984,1.8
El Salvador,1985,1.8
Santa Lucía,2008,0.330942744
Santa Lucía,2012,0.439284171
Santa Lucía,2013,0.435905613
Santa Lucía,2014,0.433029467
Santa Lucía,2015,0.43657188
Santa Lucía,2016,0.452804
Santa Lucía,2017,0.45769
Santa Lucía,2018,0.493367638
Santa Lucía,2019,0.451661075
Santa Lucía,1981,0.11181
Santa Lucía,1982,0.08778
Santa Lucía,1984,0.09704
Santa Lucía,1985,0.09722
Santa Lucía,1980,-1.0
Santa Lucía,2001,0.3
Santa Lucía,2002,0.3
Santa Lucía,1988,0.1
Santa Lucía,1983,0.1
Santa Lucía,1986,0.1
Santa Lucía,1987,0.1
Santa Lucía,1989,0.2
Santa Lucía,1990,0.2
Santa Lucía,1991,0.2
Santa Lucía,1992,0.2
Santa Lucía,1993,0.2
Santa Lucía,1994,0.2
Santa Lucía,1995,0.2
Santa Lucía,1996,0.2
Santa Lucía,1997,0.2
Santa Lucía,1998,0.2
Santa Lucía,1999,0.2
Santa Lucía,2000,0.2
Santa Lucía,2003,0.4
Santa Lucía,2004,0.4
Santa Lucía,2005,0.4
Santa Lucía,2006,0.4
Santa Lucía,2007,0.4
Santa Lucía,2009,0.4
Santa Lucía,2010,0.4
Santa Lucía,2011,0.4
Estados Unidos,1980,4946.62713
Estados Unidos,1981,4756.270103
Estados Unidos,1982,4636.631469
Estados Unidos,1983,4404.434841
Estados Unidos,1984,4383.942232
Estados Unidos,1985,4612.856171
Estados Unidos,1986,4605.354533
Estados Unidos,1987,4615.662207
Estados Unidos,1988,4775.551396
Estados Unidos,1989,4998.211912
Estados Unidos,1990,5084.558664
Estados Unidos,1991,5037.896431
Estados Unidos,1992,4992.684743
Estados Unidos,1993,5093.879398
Estados Unidos,1994,5185.520158
Estados Unidos,1995,5262.663333
Estados Unidos,1996,5324.311399
Estados Unidos,1997,5518.030044
Estados Unidos,1998,5589.322021
Estados Unidos,1999,5636.733477
Estados Unidos,2000,5700.252865
Estados Unidos,2001,5888.592478
Estados Unidos,2002,5777.788286
Estados Unidos,2003,5820.025298
Estados Unidos,2004,5886.416623
Estados Unidos,2005,5993.719256
Estados Unidos,2006,6006.994255
Estados Unidos,2007,5929.329204
Estados Unidos,2008,6015.537927
Estados Unidos,2009,5823.12664
Estados Unidos,2010,5403.664819
Estados Unidos,2011,5593.662183
Estados Unidos,2012,5454.696471
Estados Unidos,2013,5236.322549
Estados Unidos,2014,5358.870231
Estados Unidos,2015,5413.878798
Estados Unidos,2016,5262.075715
Estados Unidos,2017,5169.496984
Estados Unidos,2018,5131.08098
Estados Unidos,2019,5277.192754
Antigua y Barbuda,2005,0.6
Antigua y Barbuda,2006,0.6
Antigua y Barbuda,2008,0.690569119
Antigua y Barbuda,2012,0.690076094
Antigua y Barbuda,2013,0.707217069
Antigua y Barbuda,2014,0.705863443
Antigua y Barbuda,2015,0.719317413
Antigua y Barbuda,2016,0.751413
Antigua y Barbuda,2017,0.762758
Antigua y Barbuda,2018,0.7159054
Antigua y Barbuda,2019,0.7348894
Antigua y Barbuda,1981,0.40738
Antigua y Barbuda,1995,0.5
Antigua y Barbuda,1996,0.5
Antigua y Barbuda,1997,0.5
Antigua y Barbuda,1998,0.5
Antigua y Barbuda,1999,0.5
Antigua y Barbuda,2000,0.5
Antigua y Barbuda,2001,0.5
Antigua y Barbuda,2002,0.5
Antigua y Barbuda,2003,0.5
Antigua y Barbuda,2004,0.5
Antigua y Barbuda,1983,0.5
Antigua y Barbuda,1980,-1.0
Antigua y Barbuda,1984,0.3
Antigua y Barbuda,1985,0.3
Antigua y Barbuda,1986,0.3
Antigua y Barbuda,1987,0.3
Antigua y Barbuda,2007,0.7
Antigua y Barbuda,2009,0.7
Antigua y Barbuda,2010,0.7
Antigua y Barbuda,2011,0.7
Antigua y Barbuda,1988,0.4
Antigua y Barbuda,1989,0.4
Antigua y Barbuda,1990,0.4
Antigua y Barbuda,1991,0.4
Antigua y Barbuda,1992,0.4
Antigua y Barbuda,1993,0.4
Antigua y Barbuda,1994,0.4
Antigua y Barbuda,1982,0.4
Trinidad y Tobago,1981,10.55811155
Trinidad y Tobago,1982,10.09098155
Trinidad y Tobago,1983,9.8553101
Trinidad y Tobago,1984,10.641415517
Trinidad y Tobago,1985,14.1452896
Trinidad y Tobago,1986,15.3759508
Trinidad y Tobago,1987,11.227520933
Trinidad y Tobago,1988,10.528522983
Trinidad y Tobago,1989,10.738409367
Trinidad y Tobago,1990,11.3819631
Trinidad y Tobago,1991,12.21362635
Trinidad y Tobago,1992,13.64663089
Trinidad y Tobago,1993,13.872866417
Trinidad y Tobago,1994,14.887874455
Trinidad y Tobago,1995,17.046162027
Trinidad y Tobago,1996,17.86450763
Trinidad y Tobago,1997,19.681313957
Trinidad y Tobago,1998,21.312406829
Trinidad y Tobago,1999,21.211447449
Trinidad y Tobago,2000,21.880478254
Trinidad y Tobago,2001,23.140910253
Trinidad y Tobago,2002,26.010796625
Trinidad y Tobago,2003,27.461032975
Trinidad y Tobago,2004,32.960886708
Trinidad y Tobago,2005,31.064049235
Trinidad y Tobago,2006,34.732813727
Trinidad y Tobago,2007,44.742689699
Trinidad y Tobago,2008,43.865169545
Trinidad y Tobago,2009,48.081480207
Trinidad y Tobago,2010,46.448151748
Trinidad y Tobago,2011,51.571790933
Trinidad y Tobago,2012,53.195311581
Trinidad y Tobago,2013,50.936025637
Trinidad y Tobago,2014,56.568972932
Trinidad y Tobago,2015,55.19857812
Trinidad y Tobago,2016,54.230426218
Trinidad y Tobago,2017,48.957140339
Trinidad y Tobago,2018,40.878009766
Trinidad y Tobago,2019,40.485352133
Trinidad y Tobago,1980,-1.0
República Dominicana,1988,7.550533889
República Dominicana,1989,8.321128393
República Dominicana,1990,8.121781849
República Dominicana,1991,9.037029143
República Dominicana,1992,8.746251712
República Dominicana,1993,9.84461691
República Dominicana,1994,8.650892072
República Dominicana,1995,9.835323391
República Dominicana,1996,11.180759592
República Dominicana,1997,11.230629796
República Dominicana,1998,12.234988328
República Dominicana,1999,12.331823319
República Dominicana,2000,14.117588719
República Dominicana,2001,16.209870936
República Dominicana,2002,16.44555316
República Dominicana,2003,17.508820597
República Dominicana,2004,17.423597485
República Dominicana,2005,17.194172363
República Dominicana,2006,17.527672331
República Dominicana,2007,18.024368941
República Dominicana,2008,18.628428254
República Dominicana,2009,18.645610186
República Dominicana,2010,17.78396985
República Dominicana,2011,18.236588997
República Dominicana,2012,19.61785108
República Dominicana,2013,21.101810589
República Dominicana,2014,20.094532458
República Dominicana,2015,19.765231558
República Dominicana,2016,22.363435954
República Dominicana,2017,23.755323707
República Dominicana,2018,21.956523492
República Dominicana,2019,25.265246857
República Dominicana,1981,5.43528
República Dominicana,1982,5.2
República Dominicana,1983,5.6
República Dominicana,1984,6.715247294
República Dominicana,1985,5.928316403
República Dominicana,1986,6.148791341
República Dominicana,1987,6.860989176
República Dominicana,1980,-1.0
San Cristóbal y Nieves,1988,0.05665
San Cristóbal y Nieves,1989,0.0661
San Cristóbal y Nieves,1990,0.06612
San Cristóbal y Nieves,1991,0.06612
San Cristóbal y Nieves,1992,0.07555
San Cristóbal y Nieves,1993,0.07632
San Cristóbal y Nieves,1994,0.08587
San Cristóbal y Nieves,1996,0.09229
San Cristóbal y Nieves,2008,0.273423163
San Cristóbal y Nieves,2012,0.250060014
San Cristóbal y Nieves,2013,0.246182614
San Cristóbal y Nieves,2014,0.244904858
San Cristóbal y Nieves,2015,0.247872849
San Cristóbal y Nieves,2016,0.258403
San Cristóbal y Nieves,2017,0.265412
San Cristóbal y Nieves,2018,0.265947836
San Cristóbal y Nieves,2019,0.268462136
San Cristóbal y Nieves,1981,0.05054
San Cristóbal y Nieves,1982,0.05339
San Cristóbal y Nieves,1983,0.0616
San Cristóbal y Nieves,1984,0.05047
San Cristóbal y Nieves,1985,0.05054
San Cristóbal y Nieves,1986,0.05041
San Cristóbal y Nieves,1987,0.05351
San Cristóbal y Nieves,1980,-1.0
San Cristóbal y Nieves,2009,0.3
San Cristóbal y Nieves,2010,0.3
San Cristóbal y Nieves,2011,0.3
San Cristóbal y Nieves,1995,0.1
San Cristóbal y Nieves,1997,0.1
San Cristóbal y Nieves,1998,0.1
San Cristóbal y Nieves,1999,0.1
San Cristóbal y Nieves,2000,0.1
San Cristóbal y Nieves,2001,0.1
San Cristóbal y Nieves,2002,0.1
San Cristóbal y Nieves,2003,0.1
San Cristóbal y Nieves,2004,0.1
San Cristóbal y Nieves,2005,0.1
San Cristóbal y Nieves,2006,0.1
San Cristóbal y Nieves,2007,0.2